setting,task_name,model_id,model,data,root_path,data_path,features,target,freq,seq_len,label_len,pred_len,seasonal_patterns,inverse,expand,d_conv,top_k,num_kernels,enc_in,dec_in,c_out,d_model,n_heads,e_layers,d_layers,d_ff,moving_avg,factor,distil,dropout,embed,activation,channel_independence,decomp_method,use_norm,down_sampling_layers,down_sampling_window,down_sampling_method,seg_len,num_workers,itr,train_epochs,batch_size,patience,learning_rate,des,loss,lradj,use_amp,use_gpu,gpu,gpu_type,use_multi_gpu,devices,p_hidden_dims,p_hidden_layers,use_dtw,augmentation_ratio,seed,jitter,scaling,permutation,randompermutation,magwarp,timewarp,windowslice,windowwarp,rotation,spawner,dtwwarp,shapedtwwarp,wdba,discdtw,discsdtw,extra_tag,patch_len,mae,mse,rmse,mape,mspe,dtw
long_term_forecast_ETTh1_96_96_DLinear_ETTh1_ftM_sl96_ll48_pl96_dm512_nh8_el2_dl1_df2048_expand2_dc4_fc3_ebtimeF_dtTrue_Exp_0,long_term_forecast,ETTh1_96_96,DLinear,ETTh1,./dataset/ETT-small/,ETTh1.csv,M,OT,h,96,48,96,Monthly,False,2,4,5,6,7,7,7,512,8,2,1,2048,25,3,True,0.1,timeF,gelu,1,moving_avg,1,0,1,,96,10,1,10,32,3,0.0001,Exp,MSE,type1,False,True,0,cuda,False,"0,1,2,3","[128, 128]",2,False,0,2,False,False,False,False,False,False,False,False,False,False,False,False,False,False,False,,16,0.41084126,0.39615813,0.6294109,8.502879,34895.02,Not calculated
long_term_forecast_ETTh1_96_192_DLinear_ETTh1_ftM_sl96_ll48_pl192_dm512_nh8_el2_dl1_df2048_expand2_dc4_fc3_ebtimeF_dtTrue_Exp_0,long_term_forecast,ETTh1_96_192,DLinear,ETTh1,./dataset/ETT-small/,ETTh1.csv,M,OT,h,96,48,192,Monthly,False,2,4,5,6,7,7,7,512,8,2,1,2048,25,3,True,0.1,timeF,gelu,1,moving_avg,1,0,1,,96,10,1,10,32,3,0.0001,Exp,MSE,type1,False,True,0,cuda,False,"0,1,2,3","[128, 128]",2,False,0,2,False,False,False,False,False,False,False,False,False,False,False,False,False,False,False,,16,0.4403814673423767,0.4450070559978485,0.667088508605957,8.508769989013672,30775.9375,Not calculated
long_term_forecast_ETTh1_96_336_DLinear_ETTh1_ftM_sl96_ll48_pl336_dm512_nh8_el2_dl1_df2048_expand2_dc4_fc3_ebtimeF_dtTrue_Exp_0,long_term_forecast,ETTh1_96_336,DLinear,ETTh1,./dataset/ETT-small/,ETTh1.csv,M,OT,h,96,48,336,Monthly,False,2,4,5,6,7,7,7,512,8,2,1,2048,25,3,True,0.1,timeF,gelu,1,moving_avg,1,0,1,,96,10,1,10,32,3,0.0001,Exp,MSE,type1,False,True,0,cuda,False,"0,1,2,3","[128, 128]",2,False,0,2,False,False,False,False,False,False,False,False,False,False,False,False,False,False,False,,16,0.4654038548469543,0.487410694360733,0.6981480717658997,8.431503295898438,30395.154296875,Not calculated
long_term_forecast_ETTh1_96_720_DLinear_ETTh1_ftM_sl96_ll48_pl720_dm512_nh8_el2_dl1_df2048_expand2_dc4_fc3_ebtimeF_dtTrue_Exp_0,long_term_forecast,ETTh1_96_720,DLinear,ETTh1,./dataset/ETT-small/,ETTh1.csv,M,OT,h,96,48,720,Monthly,False,2,4,5,6,7,7,7,512,8,2,1,2048,25,3,True,0.1,timeF,gelu,1,moving_avg,1,0,1,,96,10,1,10,32,3,0.0001,Exp,MSE,type1,False,True,0,cuda,False,"0,1,2,3","[128, 128]",2,False,0,2,False,False,False,False,False,False,False,False,False,False,False,False,False,False,False,,16,0.5104050636291504,0.5126377940177917,0.7159872651100159,8.72912311553955,30288.376953125,Not calculated
long_term_forecast_ETTh1_512_96_DLinear_ETTh1_ftM_sl512_ll48_pl96_dm512_nh8_el2_dl1_df2048_expand2_dc4_fc3_ebtimeF_dtTrue_Exp_0,long_term_forecast,ETTh1_512_96,DLinear,ETTh1,./dataset/ETT-small/,ETTh1.csv,M,OT,h,512,48,96,Monthly,False,2,4,5,6,7,7,7,512,8,2,1,2048,25,3,True,0.1,timeF,gelu,1,moving_avg,1,0,1,,96,10,1,10,32,3,0.0001,Exp,MSE,type1,False,True,0,cuda,False,"0,1,2,3","[128, 128]",2,False,0,2,False,False,False,False,False,False,False,False,False,False,False,False,False,False,False,,16,0.3961700797080993,0.3670293688774109,0.6058294773101807,8.570648193359375,30962.671875,Not calculated
long_term_forecast_ETTh1_512_192_DLinear_ETTh1_ftM_sl512_ll48_pl192_dm512_nh8_el2_dl1_df2048_expand2_dc4_fc3_ebtimeF_dtTrue_Exp_0,long_term_forecast,ETTh1_512_192,DLinear,ETTh1,./dataset/ETT-small/,ETTh1.csv,M,OT,h,512,48,192,Monthly,False,2,4,5,6,7,7,7,512,8,2,1,2048,25,3,True,0.1,timeF,gelu,1,moving_avg,1,0,1,,96,10,1,10,32,3,0.0001,Exp,MSE,type1,False,True,0,cuda,False,"0,1,2,3","[128, 128]",2,False,0,2,False,False,False,False,False,False,False,False,False,False,False,False,False,False,False,,16,0.4204806089401245,0.4025081098079681,0.6344352960586548,8.526518821716309,28192.658203125,Not calculated
long_term_forecast_ETTh1_512_336_DLinear_ETTh1_ftM_sl512_ll48_pl336_dm512_nh8_el2_dl1_df2048_expand2_dc4_fc3_ebtimeF_dtTrue_Exp_0,long_term_forecast,ETTh1_512_336,DLinear,ETTh1,./dataset/ETT-small/,ETTh1.csv,M,OT,h,512,48,336,Monthly,False,2,4,5,6,7,7,7,512,8,2,1,2048,25,3,True,0.1,timeF,gelu,1,moving_avg,1,0,1,,96,10,1,10,32,3,0.0001,Exp,MSE,type1,False,True,0,cuda,False,"0,1,2,3","[128, 128]",2,False,0,2,False,False,False,False,False,False,False,False,False,False,False,False,False,False,False,,16,0.4424619078636169,0.4311186373233795,0.6565962433815002,8.753423690795898,28626.248046875,Not calculated
long_term_forecast_ETTh1_512_720_DLinear_ETTh1_ftM_sl512_ll48_pl720_dm512_nh8_el2_dl1_df2048_expand2_dc4_fc3_ebtimeF_dtTrue_Exp_0,long_term_forecast,ETTh1_512_720,DLinear,ETTh1,./dataset/ETT-small/,ETTh1.csv,M,OT,h,512,48,720,Monthly,False,2,4,5,6,7,7,7,512,8,2,1,2048,25,3,True,0.1,timeF,gelu,1,moving_avg,1,0,1,,96,10,1,10,32,3,0.0001,Exp,MSE,type1,False,True,0,cuda,False,"0,1,2,3","[128, 128]",2,False,0,2,False,False,False,False,False,False,False,False,False,False,False,False,False,False,False,,16,0.4932129383087158,0.4717811346054077,0.6868632435798645,9.78079891204834,33608.5078125,Not calculated
long_term_forecast_ETTh1_96_96_PatchTST_ETTh1_ftM_sl96_ll48_pl96_dm512_nh2_el1_dl1_df2048_expand2_dc4_fc3_ebtimeF_dtTrue_Exp_0,long_term_forecast,ETTh1_96_96,PatchTST,ETTh1,./dataset/ETT-small/,ETTh1.csv,M,OT,h,96,48,96,Monthly,False,2,4,5,6,7,7,7,512,2,1,1,2048,25,3,True,0.1,timeF,gelu,1,moving_avg,1,0,1,,96,10,1,10,32,3,0.0001,Exp,MSE,type1,False,True,0,cuda,False,"0,1,2,3","[128, 128]",2,False,0,2,False,False,False,False,False,False,False,False,False,False,False,False,False,False,False,,16,0.3996137082576751,0.3792848587036133,0.6158610582351685,9.8216552734375,43420.98046875,Not calculated
long_term_forecast_ETTh1_96_192_PatchTST_ETTh1_ftM_sl96_ll48_pl192_dm512_nh8_el1_dl1_df2048_expand2_dc4_fc3_ebtimeF_dtTrue_Exp_0,long_term_forecast,ETTh1_96_192,PatchTST,ETTh1,./dataset/ETT-small/,ETTh1.csv,M,OT,h,96,48,192,Monthly,False,2,4,5,6,7,7,7,512,8,1,1,2048,25,3,True,0.1,timeF,gelu,1,moving_avg,1,0,1,,96,10,1,10,32,3,0.0001,Exp,MSE,type1,False,True,0,cuda,False,"0,1,2,3","[128, 128]",2,False,0,2,False,False,False,False,False,False,False,False,False,False,False,False,False,False,False,,16,0.4324564039707184,0.4273914396762848,0.653751790523529,9.837971687316896,39225.5625,Not calculated
long_term_forecast_ETTh1_96_336_PatchTST_ETTh1_ftM_sl96_ll48_pl336_dm512_nh8_el1_dl1_df2048_expand2_dc4_fc3_ebtimeF_dtTrue_Exp_0,long_term_forecast,ETTh1_96_336,PatchTST,ETTh1,./dataset/ETT-small/,ETTh1.csv,M,OT,h,96,48,336,Monthly,False,2,4,5,6,7,7,7,512,8,1,1,2048,25,3,True,0.1,timeF,gelu,1,moving_avg,1,0,1,,96,10,1,10,32,3,0.0001,Exp,MSE,type1,False,True,0,cuda,False,"0,1,2,3","[128, 128]",2,False,0,2,False,False,False,False,False,False,False,False,False,False,False,False,False,False,False,,16,0.4643408060073852,0.4782689213752746,0.6915699243545532,10.053865432739258,41014.5703125,Not calculated
long_term_forecast_ETTh1_96_720_PatchTST_ETTh1_ftM_sl96_ll48_pl720_dm512_nh16_el1_dl1_df2048_expand2_dc4_fc3_ebtimeF_dtTrue_Exp_0,long_term_forecast,ETTh1_96_720,PatchTST,ETTh1,./dataset/ETT-small/,ETTh1.csv,M,OT,h,96,48,720,Monthly,False,2,4,5,6,7,7,7,512,16,1,1,2048,25,3,True,0.1,timeF,gelu,1,moving_avg,1,0,1,,96,10,1,10,32,3,0.0001,Exp,MSE,type1,False,True,0,cuda,False,"0,1,2,3","[128, 128]",2,False,0,2,False,False,False,False,False,False,False,False,False,False,False,False,False,False,False,,16,0.5063000321388245,0.5220447778701782,0.7225266695022583,12.389847755432127,59229.5078125,Not calculated
long_term_forecast_ETTh1_512_96_PatchTST_ETTh1_ftM_sl512_ll48_pl96_dm512_nh2_el1_dl1_df2048_expand2_dc4_fc3_ebtimeF_dtTrue_Exp_0,long_term_forecast,ETTh1_512_96,PatchTST,ETTh1,./dataset/ETT-small/,ETTh1.csv,M,OT,h,512,48,96,Monthly,False,2,4,5,6,7,7,7,512,2,1,1,2048,25,3,True,0.1,timeF,gelu,1,moving_avg,1,0,1,,96,10,1,10,32,3,0.0001,Exp,MSE,type1,False,True,0,cuda,False,"0,1,2,3","[128, 128]",2,False,0,2,False,False,False,False,False,False,False,False,False,False,False,False,False,False,False,,16,0.4190565943717956,0.3959183096885681,0.6292204260826111,11.08686637878418,47131.82421875,Not calculated
long_term_forecast_ETTh1_512_192_PatchTST_ETTh1_ftM_sl512_ll48_pl192_dm512_nh8_el1_dl1_df2048_expand2_dc4_fc3_ebtimeF_dtTrue_Exp_0,long_term_forecast,ETTh1_512_192,PatchTST,ETTh1,./dataset/ETT-small/,ETTh1.csv,M,OT,h,512,48,192,Monthly,False,2,4,5,6,7,7,7,512,8,1,1,2048,25,3,True,0.1,timeF,gelu,1,moving_avg,1,0,1,,96,10,1,10,32,3,0.0001,Exp,MSE,type1,False,True,0,cuda,False,"0,1,2,3","[128, 128]",2,False,0,2,False,False,False,False,False,False,False,False,False,False,False,False,False,False,False,,16,0.466265857219696,0.4655952751636505,0.682345449924469,11.973316192626951,53759.2421875,Not calculated
long_term_forecast_ETTh1_512_336_PatchTST_ETTh1_ftM_sl512_ll48_pl336_dm512_nh8_el1_dl1_df2048_expand2_dc4_fc3_ebtimeF_dtTrue_Exp_0,long_term_forecast,ETTh1_512_336,PatchTST,ETTh1,./dataset/ETT-small/,ETTh1.csv,M,OT,h,512,48,336,Monthly,False,2,4,5,6,7,7,7,512,8,1,1,2048,25,3,True,0.1,timeF,gelu,1,moving_avg,1,0,1,,96,10,1,10,32,3,0.0001,Exp,MSE,type1,False,True,0,cuda,False,"0,1,2,3","[128, 128]",2,False,0,2,False,False,False,False,False,False,False,False,False,False,False,False,False,False,False,,16,0.4695714116096496,0.473768800497055,0.6883086562156677,12.127422332763672,58179.453125,Not calculated
long_term_forecast_ETTh1_512_720_PatchTST_ETTh1_ftM_sl512_ll48_pl720_dm512_nh16_el1_dl1_df2048_expand2_dc4_fc3_ebtimeF_dtTrue_Exp_0,long_term_forecast,ETTh1_512_720,PatchTST,ETTh1,./dataset/ETT-small/,ETTh1.csv,M,OT,h,512,48,720,Monthly,False,2,4,5,6,7,7,7,512,16,1,1,2048,25,3,True,0.1,timeF,gelu,1,moving_avg,1,0,1,,96,10,1,10,32,3,0.0001,Exp,MSE,type1,False,True,0,cuda,False,"0,1,2,3","[128, 128]",2,False,0,2,False,False,False,False,False,False,False,False,False,False,False,False,False,False,False,,16,0.5983768105506897,0.7240559458732605,0.8509147763252258,18.681421279907227,131363.25,Not calculated
long_term_forecast_ETTh1_96_96_TimesNet_ETTh1_ftM_sl96_ll48_pl96_dm16_nh8_el2_dl1_df32_expand2_dc4_fc3_ebtimeF_dtTrue_Exp_0,long_term_forecast,ETTh1_96_96,TimesNet,ETTh1,./dataset/ETT-small/,ETTh1.csv,M,OT,h,96,48,96,Monthly,False,2,4,5,6,7,7,7,16,8,2,1,32,25,3,True,0.1,timeF,gelu,1,moving_avg,1,0,1,,96,10,1,10,32,3,0.0001,Exp,MSE,type1,False,True,0,cuda,False,"0,1,2,3","[128, 128]",2,False,0,2,False,False,False,False,False,False,False,False,False,False,False,False,False,False,False,,16,0.4120313823223114,0.3891045451164245,0.6237824559211731,10.658648490905762,42940.63671875,Not calculated
long_term_forecast_ETTh1_96_192_TimesNet_ETTh1_ftM_sl96_ll48_pl192_dm16_nh8_el2_dl1_df32_expand2_dc4_fc3_ebtimeF_dtTrue_Exp_0,long_term_forecast,ETTh1_96_192,TimesNet,ETTh1,./dataset/ETT-small/,ETTh1.csv,M,OT,h,96,48,192,Monthly,False,2,4,5,6,7,7,7,16,8,2,1,32,25,3,True,0.1,timeF,gelu,1,moving_avg,1,0,1,,96,10,1,10,32,3,0.0001,Exp,MSE,type1,False,True,0,cuda,False,"0,1,2,3","[128, 128]",2,False,0,2,False,False,False,False,False,False,False,False,False,False,False,False,False,False,False,,16,0.4418206214904785,0.4396384060382843,0.6630523204803467,10.822210311889648,40334.7421875,Not calculated
long_term_forecast_ETTh1_96_336_TimesNet_ETTh1_ftM_sl96_ll48_pl336_dm16_nh8_el2_dl1_df32_expand2_dc4_fc3_ebtimeF_dtTrue_Exp_0,long_term_forecast,ETTh1_96_336,TimesNet,ETTh1,./dataset/ETT-small/,ETTh1.csv,M,OT,h,96,48,336,Monthly,False,2,4,5,6,7,7,7,16,8,2,1,32,25,3,True,0.1,timeF,gelu,1,moving_avg,1,0,1,,96,10,1,10,32,3,0.0001,Exp,MSE,type1,False,True,0,cuda,False,"0,1,2,3","[128, 128]",2,False,0,2,False,False,False,False,False,False,False,False,False,False,False,False,False,False,False,,16,0.4708272814750671,0.4939534664154053,0.7028182148933411,10.265071868896484,39891.421875,Not calculated
long_term_forecast_ETTh1_96_720_TimesNet_ETTh1_ftM_sl96_ll48_pl720_dm16_nh8_el2_dl1_df32_expand2_dc4_fc3_ebtimeF_dtTrue_Exp_0,long_term_forecast,ETTh1_96_720,TimesNet,ETTh1,./dataset/ETT-small/,ETTh1.csv,M,OT,h,96,48,720,Monthly,False,2,4,5,6,7,7,7,16,8,2,1,32,25,3,True,0.1,timeF,gelu,1,moving_avg,1,0,1,,96,10,1,10,32,3,0.0001,Exp,MSE,type1,False,True,0,cuda,False,"0,1,2,3","[128, 128]",2,False,0,2,False,False,False,False,False,False,False,False,False,False,False,False,False,False,False,,16,0.4950664341449737,0.5183626413345337,0.7199740409851074,11.317546844482422,50451.98046875,Not calculated
long_term_forecast_ETTh1_512_96_TimesNet_ETTh1_ftM_sl512_ll48_pl96_dm16_nh8_el2_dl1_df32_expand2_dc4_fc3_ebtimeF_dtTrue_Exp_0,long_term_forecast,ETTh1_512_96,TimesNet,ETTh1,./dataset/ETT-small/,ETTh1.csv,M,OT,h,512,48,96,Monthly,False,2,4,5,6,7,7,7,16,8,2,1,32,25,3,True,0.1,timeF,gelu,1,moving_avg,1,0,1,,96,10,1,10,32,3,0.0001,Exp,MSE,type1,False,True,0,cuda,False,"0,1,2,3","[128, 128]",2,False,0,2,False,False,False,False,False,False,False,False,False,False,False,False,False,False,False,,16,0.456882506608963,0.4420823454856872,0.6648927330970764,10.755837440490724,42597.70703125,Not calculated
long_term_forecast_ETTh1_96_96_TimeXer_ETTh1_ftM_sl96_ll48_pl96_dm256_nh8_el1_dl1_df2048_expand2_dc4_fc3_ebtimeF_dtTrue_exp_0,long_term_forecast,ETTh1_96_96,TimeXer,ETTh1,./dataset/ETT-small/,ETTh1.csv,M,OT,h,96,48,96,Monthly,False,2,4,5,6,7,7,7,256,8,1,1,2048,25,3,True,0.1,timeF,gelu,1,moving_avg,1,0,1,,96,10,1,10,4,3,0.0001,exp,MSE,type1,False,True,0,cuda,False,"0,1,2,3","[128, 128]",2,False,0,2,False,False,False,False,False,False,False,False,False,False,False,False,False,False,False,,16,0.4028658866882324,0.381810575723648,0.617908239364624,9.98497200012207,42966.203125,Not calculated
long_term_forecast_ETTh1_512_192_TimesNet_ETTh1_ftM_sl512_ll48_pl192_dm16_nh8_el2_dl1_df32_expand2_dc4_fc3_ebtimeF_dtTrue_Exp_0,long_term_forecast,ETTh1_512_192,TimesNet,ETTh1,./dataset/ETT-small/,ETTh1.csv,M,OT,h,512,48,192,Monthly,False,2,4,5,6,7,7,7,16,8,2,1,32,25,3,True,0.1,timeF,gelu,1,moving_avg,1,0,1,,96,10,1,10,32,3,0.0001,Exp,MSE,type1,False,True,0,cuda,False,"0,1,2,3","[128, 128]",2,False,0,2,False,False,False,False,False,False,False,False,False,False,False,False,False,False,False,,16,0.4907732605934143,0.4920608103275299,0.7014704346656799,13.598722457885742,57617.6484375,Not calculated
long_term_forecast_ETTh1_512_336_TimesNet_ETTh1_ftM_sl512_ll48_pl336_dm16_nh8_el2_dl1_df32_expand2_dc4_fc3_ebtimeF_dtTrue_Exp_0,long_term_forecast,ETTh1_512_336,TimesNet,ETTh1,./dataset/ETT-small/,ETTh1.csv,M,OT,h,512,48,336,Monthly,False,2,4,5,6,7,7,7,16,8,2,1,32,25,3,True,0.1,timeF,gelu,1,moving_avg,1,0,1,,96,10,1,10,32,3,0.0001,Exp,MSE,type1,False,True,0,cuda,False,"0,1,2,3","[128, 128]",2,False,0,2,False,False,False,False,False,False,False,False,False,False,False,False,False,False,False,,16,0.4840326011180877,0.4778518974781036,0.6912683248519897,11.186796188354492,46487.453125,Not calculated
long_term_forecast_ETTh1_512_720_TimesNet_ETTh1_ftM_sl512_ll48_pl720_dm16_nh8_el2_dl1_df32_expand2_dc4_fc3_ebtimeF_dtTrue_Exp_0,long_term_forecast,ETTh1_512_720,TimesNet,ETTh1,./dataset/ETT-small/,ETTh1.csv,M,OT,h,512,48,720,Monthly,False,2,4,5,6,7,7,7,16,8,2,1,32,25,3,True,0.1,timeF,gelu,1,moving_avg,1,0,1,,96,10,1,10,32,3,0.0001,Exp,MSE,type1,False,True,0,cuda,False,"0,1,2,3","[128, 128]",2,False,0,2,False,False,False,False,False,False,False,False,False,False,False,False,False,False,False,,16,0.5260828733444214,0.552760660648346,0.7434787750244141,12.624831199645996,56129.51171875,Not calculated
long_term_forecast_ETTh1_96_192_TimeXer_ETTh1_ftM_sl96_ll48_pl192_dm128_nh8_el2_dl1_df2048_expand2_dc4_fc3_ebtimeF_dtTrue_Exp_0,long_term_forecast,ETTh1_96_192,TimeXer,ETTh1,./dataset/ETT-small/,ETTh1.csv,M,OT,h,96,48,192,Monthly,False,2,4,5,6,7,7,7,128,8,2,1,2048,25,3,True,0.1,timeF,gelu,1,moving_avg,1,0,1,,96,10,1,10,4,3,0.0001,Exp,MSE,type1,False,True,0,cuda,False,"0,1,2,3","[128, 128]",2,False,0,2,False,False,False,False,False,False,False,False,False,False,False,False,False,False,False,,16,0.4354550540447235,0.4285057485103607,0.6546034812927246,10.53019905090332,42959.51953125,Not calculated
long_term_forecast_ETTh1_96_336_TimeXer_ETTh1_ftM_sl96_ll48_pl336_dm512_nh8_el1_dl1_df1024_expand2_dc4_fc3_ebtimeF_dtTrue_Exp_0,long_term_forecast,ETTh1_96_336,TimeXer,ETTh1,./dataset/ETT-small/,ETTh1.csv,M,OT,h,96,48,336,Monthly,False,2,4,5,6,7,7,7,512,8,1,1,1024,25,3,True,0.1,timeF,gelu,1,moving_avg,1,0,1,,96,10,1,10,16,3,0.0001,Exp,MSE,type1,False,True,0,cuda,False,"0,1,2,3","[128, 128]",2,False,0,2,False,False,False,False,False,False,False,False,False,False,False,False,False,False,False,,16,0.4494118094444275,0.4671980738639831,0.6835188865661621,10.978252410888672,48958.59375,Not calculated
long_term_forecast_ETTh1_96_720_TimeXer_ETTh1_ftM_sl96_ll48_pl720_dm256_nh8_el1_dl1_df1024_expand2_dc4_fc3_ebtimeF_dtTrue_Exp_0,long_term_forecast,ETTh1_96_720,TimeXer,ETTh1,./dataset/ETT-small/,ETTh1.csv,M,OT,h,96,48,720,Monthly,False,2,4,5,6,7,7,7,256,8,1,1,1024,25,3,True,0.1,timeF,gelu,1,moving_avg,1,0,1,,96,10,1,10,16,3,0.0001,Exp,MSE,type1,False,True,0,cuda,False,"0,1,2,3","[128, 128]",2,False,0,2,False,False,False,False,False,False,False,False,False,False,False,False,False,False,False,,16,0.4925978481769562,0.4987898766994476,0.7062505483627319,12.774839401245115,63614.828125,Not calculated
long_term_forecast_ETTh1_96_96_Transformer_ETTh1_ftM_sl96_ll48_pl96_dm512_nh8_el2_dl1_df2048_expand2_dc4_fc3_ebtimeF_dtTrue_Exp_0,long_term_forecast,ETTh1_96_96,Transformer,ETTh1,./dataset/ETT-small/,ETTh1.csv,M,OT,h,96,48,96,Monthly,False,2,4,5,6,7,7,7,512,8,2,1,2048,25,3,True,0.1,timeF,gelu,1,moving_avg,1,0,1,,96,10,1,10,32,3,0.0001,Exp,MSE,type1,False,True,0,cuda,False,"0,1,2,3","[128, 128]",2,False,0,2,False,False,False,False,False,False,False,False,False,False,False,False,False,False,False,,16,0.746488094329834,0.8881707191467285,0.9424281120300292,10.160927772521973,28081.52734375,Not calculated
long_term_forecast_ETTh1_96_192_Transformer_ETTh1_ftM_sl96_ll48_pl192_dm512_nh8_el2_dl1_df2048_expand2_dc4_fc3_ebtimeF_dtTrue_Exp_0,long_term_forecast,ETTh1_96_192,Transformer,ETTh1,./dataset/ETT-small/,ETTh1.csv,M,OT,h,96,48,192,Monthly,False,2,4,5,6,7,7,7,512,8,2,1,2048,25,3,True,0.1,timeF,gelu,1,moving_avg,1,0,1,,96,10,1,10,32,3,0.0001,Exp,MSE,type1,False,True,0,cuda,False,"0,1,2,3","[128, 128]",2,False,0,2,False,False,False,False,False,False,False,False,False,False,False,False,False,False,False,,16,0.7597492933273315,0.920101284980774,0.9592190980911256,8.829858779907227,20349.958984375,Not calculated
long_term_forecast_ETTh1_512_96_TimeXer_ETTh1_ftM_sl512_ll48_pl96_dm256_nh8_el1_dl1_df2048_expand2_dc4_fc3_ebtimeF_dtTrue_exp_0,long_term_forecast,ETTh1_512_96,TimeXer,ETTh1,./dataset/ETT-small/,ETTh1.csv,M,OT,h,512,48,96,Monthly,False,2,4,5,6,7,7,7,256,8,1,1,2048,25,3,True,0.1,timeF,gelu,1,moving_avg,1,0,1,,96,10,1,10,4,3,0.0001,exp,MSE,type1,False,True,0,cuda,False,"0,1,2,3","[128, 128]",2,False,0,2,False,False,False,False,False,False,False,False,False,False,False,False,False,False,False,,16,0.4215083122253418,0.3946475386619568,0.6282097697257996,10.730575561523438,43380.89453125,Not calculated
long_term_forecast_ETTh1_96_336_Transformer_ETTh1_ftM_sl96_ll48_pl336_dm512_nh8_el2_dl1_df2048_expand2_dc4_fc3_ebtimeF_dtTrue_Exp_0,long_term_forecast,ETTh1_96_336,Transformer,ETTh1,./dataset/ETT-small/,ETTh1.csv,M,OT,h,96,48,336,Monthly,False,2,4,5,6,7,7,7,512,8,2,1,2048,25,3,True,0.1,timeF,gelu,1,moving_avg,1,0,1,,96,10,1,10,32,3,0.0001,Exp,MSE,type1,False,True,0,cuda,False,"0,1,2,3","[128, 128]",2,False,0,2,False,False,False,False,False,False,False,False,False,False,False,False,False,False,False,,16,0.8130144476890564,0.997751772403717,0.9988752603530884,12.62065315246582,50252.81640625,Not calculated
long_term_forecast_ETTh1_512_192_TimeXer_ETTh1_ftM_sl512_ll48_pl192_dm128_nh8_el2_dl1_df2048_expand2_dc4_fc3_ebtimeF_dtTrue_Exp_0,long_term_forecast,ETTh1_512_192,TimeXer,ETTh1,./dataset/ETT-small/,ETTh1.csv,M,OT,h,512,48,192,Monthly,False,2,4,5,6,7,7,7,128,8,2,1,2048,25,3,True,0.1,timeF,gelu,1,moving_avg,1,0,1,,96,10,1,10,4,3,0.0001,Exp,MSE,type1,False,True,0,cuda,False,"0,1,2,3","[128, 128]",2,False,0,2,False,False,False,False,False,False,False,False,False,False,False,False,False,False,False,,16,0.4529136121273041,0.4388741552829742,0.6624757647514343,11.311639785766602,48448.0546875,Not calculated
long_term_forecast_ETTh1_512_336_TimeXer_ETTh1_ftM_sl512_ll48_pl336_dm512_nh8_el1_dl1_df1024_expand2_dc4_fc3_ebtimeF_dtTrue_Exp_0,long_term_forecast,ETTh1_512_336,TimeXer,ETTh1,./dataset/ETT-small/,ETTh1.csv,M,OT,h,512,48,336,Monthly,False,2,4,5,6,7,7,7,512,8,1,1,1024,25,3,True,0.1,timeF,gelu,1,moving_avg,1,0,1,,96,10,1,10,16,3,0.0001,Exp,MSE,type1,False,True,0,cuda,False,"0,1,2,3","[128, 128]",2,False,0,2,False,False,False,False,False,False,False,False,False,False,False,False,False,False,False,,16,0.4685471355915069,0.4620763063430786,0.6797619462013245,12.15929889678955,56041.46875,Not calculated
long_term_forecast_ETTh1_512_720_TimeXer_ETTh1_ftM_sl512_ll48_pl720_dm256_nh8_el1_dl1_df1024_expand2_dc4_fc3_ebtimeF_dtTrue_Exp_0,long_term_forecast,ETTh1_512_720,TimeXer,ETTh1,./dataset/ETT-small/,ETTh1.csv,M,OT,h,512,48,720,Monthly,False,2,4,5,6,7,7,7,256,8,1,1,1024,25,3,True,0.1,timeF,gelu,1,moving_avg,1,0,1,,96,10,1,10,16,3,0.0001,Exp,MSE,type1,False,True,0,cuda,False,"0,1,2,3","[128, 128]",2,False,0,2,False,False,False,False,False,False,False,False,False,False,False,False,False,False,False,,16,0.5711173415184021,0.6047417521476746,0.7776514291763306,15.315679550170898,83397.484375,Not calculated
long_term_forecast_ETTh1_96_720_Transformer_ETTh1_ftM_sl96_ll48_pl720_dm512_nh8_el2_dl1_df2048_expand2_dc4_fc3_ebtimeF_dtTrue_Exp_0,long_term_forecast,ETTh1_96_720,Transformer,ETTh1,./dataset/ETT-small/,ETTh1.csv,M,OT,h,96,48,720,Monthly,False,2,4,5,6,7,7,7,512,8,2,1,2048,25,3,True,0.1,timeF,gelu,1,moving_avg,1,0,1,,96,10,1,10,32,3,0.0001,Exp,MSE,type1,False,True,0,cuda,False,"0,1,2,3","[128, 128]",2,False,0,2,False,False,False,False,False,False,False,False,False,False,False,False,False,False,False,,16,0.8053167462348938,1.0289162397384644,1.0143550634384155,18.77263259887696,133620.5,Not calculated
long_term_forecast_ETTh2_96_96_iTransformer_ETTh2_ftM_sl96_ll48_pl96_dm128_nh8_el2_dl1_df128_expand2_dc4_fc3_ebtimeF_dtTrue_Exp_0,long_term_forecast,ETTh2_96_96,iTransformer,ETTh2,./dataset/ETT-small/,ETTh2.csv,M,OT,h,96,48,96,Monthly,False,2,4,5,6,7,7,7,128,8,2,1,128,25,3,True,0.1,timeF,gelu,1,moving_avg,1,0,1,,96,10,1,10,32,3,0.0001,Exp,MSE,type1,False,True,0,cuda,False,"0,1,2,3","[128, 128]",2,False,0,2,False,False,False,False,False,False,False,False,False,False,False,False,False,False,False,,16,0.349618136882782,0.3004027903079986,0.5480901002883911,1.4598054885864258,448.9215393066406,Not calculated
long_term_forecast_ETTh1_512_96_Transformer_ETTh1_ftM_sl512_ll48_pl96_dm512_nh8_el2_dl1_df2048_expand2_dc4_fc3_ebtimeF_dtTrue_Exp_0,long_term_forecast,ETTh1_512_96,Transformer,ETTh1,./dataset/ETT-small/,ETTh1.csv,M,OT,h,512,48,96,Monthly,False,2,4,5,6,7,7,7,512,8,2,1,2048,25,3,True,0.1,timeF,gelu,1,moving_avg,1,0,1,,96,10,1,10,32,3,0.0001,Exp,MSE,type1,False,True,0,cuda,False,"0,1,2,3","[128, 128]",2,False,0,2,False,False,False,False,False,False,False,False,False,False,False,False,False,False,False,,16,0.7488315105438232,0.9044696092605592,0.9510360956192015,19.83414077758789,125845.5,Not calculated
long_term_forecast_ETTh2_96_192_iTransformer_ETTh2_ftM_sl96_ll48_pl192_dm128_nh8_el2_dl1_df128_expand2_dc4_fc3_ebtimeF_dtTrue_Exp_0,long_term_forecast,ETTh2_96_192,iTransformer,ETTh2,./dataset/ETT-small/,ETTh2.csv,M,OT,h,96,48,192,Monthly,False,2,4,5,6,7,7,7,128,8,2,1,128,25,3,True,0.1,timeF,gelu,1,moving_avg,1,0,1,,96,10,1,10,32,3,0.0001,Exp,MSE,type1,False,True,0,cuda,False,"0,1,2,3","[128, 128]",2,False,0,2,False,False,False,False,False,False,False,False,False,False,False,False,False,False,False,,16,0.3998191356658935,0.3818120062351227,0.6179093718528748,1.624361515045166,452.48724365234375,Not calculated
long_term_forecast_ETTh2_96_336_iTransformer_ETTh2_ftM_sl96_ll48_pl336_dm128_nh8_el2_dl1_df128_expand2_dc4_fc3_ebtimeF_dtTrue_Exp_0,long_term_forecast,ETTh2_96_336,iTransformer,ETTh2,./dataset/ETT-small/,ETTh2.csv,M,OT,h,96,48,336,Monthly,False,2,4,5,6,7,7,7,128,8,2,1,128,25,3,True,0.1,timeF,gelu,1,moving_avg,1,0,1,,96,10,1,10,32,3,0.0001,Exp,MSE,type1,False,True,0,cuda,False,"0,1,2,3","[128, 128]",2,False,0,2,False,False,False,False,False,False,False,False,False,False,False,False,False,False,False,,16,0.4323523044586181,0.4235515296459198,0.6508083939552307,1.781519055366516,484.6345825195313,Not calculated
long_term_forecast_ETTh2_96_720_iTransformer_ETTh2_ftM_sl96_ll48_pl720_dm128_nh8_el2_dl1_df128_expand2_dc4_fc3_ebtimeF_dtTrue_Exp_0,long_term_forecast,ETTh2_96_720,iTransformer,ETTh2,./dataset/ETT-small/,ETTh2.csv,M,OT,h,96,48,720,Monthly,False,2,4,5,6,7,7,7,128,8,2,1,128,25,3,True,0.1,timeF,gelu,1,moving_avg,1,0,1,,96,10,1,10,32,3,0.0001,Exp,MSE,type1,False,True,0,cuda,False,"0,1,2,3","[128, 128]",2,False,0,2,False,False,False,False,False,False,False,False,False,False,False,False,False,False,False,,16,0.4451322853565216,0.4264194965362549,0.6530080437660217,2.0108511447906494,592.84619140625,Not calculated
long_term_forecast_ETTh1_512_192_Transformer_ETTh1_ftM_sl512_ll48_pl192_dm512_nh8_el2_dl1_df2048_expand2_dc4_fc3_ebtimeF_dtTrue_Exp_0,long_term_forecast,ETTh1_512_192,Transformer,ETTh1,./dataset/ETT-small/,ETTh1.csv,M,OT,h,512,48,192,Monthly,False,2,4,5,6,7,7,7,512,8,2,1,2048,25,3,True,0.1,timeF,gelu,1,moving_avg,1,0,1,,96,10,1,10,32,3,0.0001,Exp,MSE,type1,False,True,0,cuda,False,"0,1,2,3","[128, 128]",2,False,0,2,False,False,False,False,False,False,False,False,False,False,False,False,False,False,False,,16,0.9767380952835084,1.3765110969543457,1.173248052597046,31.351268768310547,307796.6875,Not calculated
long_term_forecast_ETTh2_512_96_iTransformer_ETTh2_ftM_sl512_ll48_pl96_dm128_nh8_el2_dl1_df128_expand2_dc4_fc3_ebtimeF_dtTrue_Exp_0,long_term_forecast,ETTh2_512_96,iTransformer,ETTh2,./dataset/ETT-small/,ETTh2.csv,M,OT,h,512,48,96,Monthly,False,2,4,5,6,7,7,7,128,8,2,1,128,25,3,True,0.1,timeF,gelu,1,moving_avg,1,0,1,,96,10,1,10,32,3,0.0001,Exp,MSE,type1,False,True,0,cuda,False,"0,1,2,3","[128, 128]",2,False,0,2,False,False,False,False,False,False,False,False,False,False,False,False,False,False,False,,16,0.3594361841678619,0.3037525415420532,0.5511375069618225,1.4368139505386353,353.5413818359375,Not calculated
long_term_forecast_ETTh2_512_192_iTransformer_ETTh2_ftM_sl512_ll48_pl192_dm128_nh8_el2_dl1_df128_expand2_dc4_fc3_ebtimeF_dtTrue_Exp_0,long_term_forecast,ETTh2_512_192,iTransformer,ETTh2,./dataset/ETT-small/,ETTh2.csv,M,OT,h,512,48,192,Monthly,False,2,4,5,6,7,7,7,128,8,2,1,128,25,3,True,0.1,timeF,gelu,1,moving_avg,1,0,1,,96,10,1,10,32,3,0.0001,Exp,MSE,type1,False,True,0,cuda,False,"0,1,2,3","[128, 128]",2,False,0,2,False,False,False,False,False,False,False,False,False,False,False,False,False,False,False,,16,0.4048675298690796,0.3755185604095459,0.6127957105636597,1.5666409730911257,343.9159545898437,Not calculated
long_term_forecast_ETTh2_512_336_iTransformer_ETTh2_ftM_sl512_ll48_pl336_dm128_nh8_el2_dl1_df128_expand2_dc4_fc3_ebtimeF_dtTrue_Exp_0,long_term_forecast,ETTh2_512_336,iTransformer,ETTh2,./dataset/ETT-small/,ETTh2.csv,M,OT,h,512,48,336,Monthly,False,2,4,5,6,7,7,7,128,8,2,1,128,25,3,True,0.1,timeF,gelu,1,moving_avg,1,0,1,,96,10,1,10,32,3,0.0001,Exp,MSE,type1,False,True,0,cuda,False,"0,1,2,3","[128, 128]",2,False,0,2,False,False,False,False,False,False,False,False,False,False,False,False,False,False,False,,16,0.4345121085643768,0.4182361662387848,0.6467118263244629,1.79133141040802,480.8932495117188,Not calculated
long_term_forecast_ETTh1_512_336_Transformer_ETTh1_ftM_sl512_ll48_pl336_dm512_nh8_el2_dl1_df2048_expand2_dc4_fc3_ebtimeF_dtTrue_Exp_0,long_term_forecast,ETTh1_512_336,Transformer,ETTh1,./dataset/ETT-small/,ETTh1.csv,M,OT,h,512,48,336,Monthly,False,2,4,5,6,7,7,7,512,8,2,1,2048,25,3,True,0.1,timeF,gelu,1,moving_avg,1,0,1,,96,10,1,10,32,3,0.0001,Exp,MSE,type1,False,True,0,cuda,False,"0,1,2,3","[128, 128]",2,False,0,2,False,False,False,False,False,False,False,False,False,False,False,False,False,False,False,,16,0.9093555808067322,1.2757493257522583,1.1294907331466677,33.36870574951172,389383.09375,Not calculated
long_term_forecast_ETTh2_512_720_iTransformer_ETTh2_ftM_sl512_ll48_pl720_dm128_nh8_el2_dl1_df128_expand2_dc4_fc3_ebtimeF_dtTrue_Exp_0,long_term_forecast,ETTh2_512_720,iTransformer,ETTh2,./dataset/ETT-small/,ETTh2.csv,M,OT,h,512,48,720,Monthly,False,2,4,5,6,7,7,7,128,8,2,1,128,25,3,True,0.1,timeF,gelu,1,moving_avg,1,0,1,,96,10,1,10,32,3,0.0001,Exp,MSE,type1,False,True,0,cuda,False,"0,1,2,3","[128, 128]",2,False,0,2,False,False,False,False,False,False,False,False,False,False,False,False,False,False,False,,16,0.4628219604492187,0.4409957826137543,0.6640751361846924,2.164537191390991,681.9140014648438,Not calculated
long_term_forecast_ETTh1_512_720_Transformer_ETTh1_ftM_sl512_ll48_pl720_dm512_nh8_el2_dl1_df2048_expand2_dc4_fc3_ebtimeF_dtTrue_Exp_0,long_term_forecast,ETTh1_512_720,Transformer,ETTh1,./dataset/ETT-small/,ETTh1.csv,M,OT,h,512,48,720,Monthly,False,2,4,5,6,7,7,7,512,8,2,1,2048,25,3,True,0.1,timeF,gelu,1,moving_avg,1,0,1,,96,10,1,10,32,3,0.0001,Exp,MSE,type1,False,True,0,cuda,False,"0,1,2,3","[128, 128]",2,False,0,2,False,False,False,False,False,False,False,False,False,False,False,False,False,False,False,,16,0.8885705471038818,1.184087872505188,1.0881580114364624,33.037574768066406,367350.875,Not calculated
